Loan_ID,Gender,Married,Dependents,Education,Self_Employed,ApplicantIncome,CoapplicantIncome,LoanAmount,Loan_Amount_Term,Credit_History,Property_Area,Loan_Status
LP001002,0,0,0,1,0,5849.0,0.0,146.41216216216216,360.0,1.0,0,1
LP001003,0,1,1,1,0,4583.0,1508.0,128.0,360.0,1.0,2,0
LP001005,0,1,0,1,1,3000.0,0.0,66.0,360.0,1.0,0,1
LP001006,0,1,0,0,0,2583.0,2358.0,120.0,360.0,1.0,0,1
LP001008,0,0,0,1,0,6000.0,0.0,141.0,360.0,1.0,0,1
LP001011,0,1,2,1,1,5417.0,4196.0,267.0,360.0,1.0,0,1
LP001013,0,1,0,0,0,2333.0,1516.0,95.0,360.0,1.0,0,1
LP001014,0,1,3,1,0,3036.0,2504.0,158.0,360.0,0.0,1,0
LP001018,0,1,2,1,0,4006.0,1526.0,168.0,360.0,1.0,0,1
LP001020,0,1,1,1,0,12841.0,10968.0,349.0,360.0,1.0,1,0
LP001024,0,1,2,1,0,3200.0,700.0,70.0,360.0,1.0,0,1
LP001027,0,1,2,1,0,2500.0,1840.0,109.0,360.0,1.0,0,1
LP001028,0,1,2,1,0,3073.0,8106.0,200.0,360.0,1.0,0,1
LP001029,0,0,0,1,0,1853.0,2840.0,114.0,360.0,1.0,2,0
LP001030,0,1,2,1,0,1299.0,1086.0,17.0,120.0,1.0,0,1
LP001032,0,0,0,1,0,4950.0,0.0,125.0,360.0,1.0,0,1
LP001034,0,0,1,0,0,3596.0,0.0,100.0,240.0,0.0,0,1
LP001036,1,0,0,1,0,3510.0,0.0,76.0,360.0,0.0,0,0
LP001038,0,1,0,0,0,4887.0,0.0,133.0,360.0,1.0,2,0
LP001041,0,1,0,1,0,2600.0,3500.0,115.0,342.0,1.0,0,1
LP001043,0,1,0,0,0,7660.0,0.0,104.0,360.0,0.0,0,0
LP001046,0,1,1,1,0,5955.0,5625.0,315.0,360.0,1.0,0,1
LP001047,0,1,0,0,0,2600.0,1911.0,116.0,360.0,0.0,1,0
LP001052,0,1,1,1,0,3717.0,2925.0,151.0,360.0,0.0,1,0
LP001066,0,1,0,1,1,9560.0,0.0,191.0,360.0,1.0,1,1
LP001068,0,1,0,1,0,2799.0,2253.0,122.0,360.0,1.0,1,1
LP001073,0,1,2,0,0,4226.0,1040.0,110.0,360.0,1.0,0,1
LP001086,0,0,0,0,0,1442.0,0.0,35.0,360.0,1.0,0,0
LP001087,1,0,2,1,0,3750.0,2083.0,120.0,360.0,1.0,1,1
LP001091,0,1,1,1,0,4166.0,3369.0,201.0,360.0,0.0,0,0
LP001095,0,0,0,1,0,3167.0,0.0,74.0,360.0,1.0,0,0
LP001097,0,0,1,1,1,4692.0,0.0,106.0,360.0,1.0,2,0
LP001098,0,1,0,1,0,3500.0,1667.0,114.0,360.0,1.0,1,1
LP001100,0,0,3,1,0,12500.0,3000.0,320.0,360.0,1.0,2,0
LP001106,0,1,0,1,0,2275.0,2067.0,146.41216216216216,360.0,1.0,0,1
LP001109,0,1,0,1,0,1828.0,1330.0,100.0,342.0,0.0,0,0
LP001112,1,1,0,1,0,3667.0,1459.0,144.0,360.0,1.0,1,1
LP001114,0,0,0,1,0,4166.0,7210.0,184.0,360.0,1.0,0,1
LP001116,0,0,0,0,0,3748.0,1668.0,110.0,360.0,1.0,1,1
LP001119,0,0,0,1,0,3600.0,0.0,80.0,360.0,1.0,0,0
LP001120,0,0,0,1,0,1800.0,1213.0,47.0,360.0,1.0,0,1
LP001123,0,1,0,1,0,2400.0,0.0,75.0,360.0,0.0,0,1
LP001131,0,1,0,1,0,3941.0,2336.0,134.0,360.0,1.0,1,1
LP001136,0,1,0,0,1,4695.0,0.0,96.0,342.0,1.0,0,1
LP001137,1,0,0,1,0,3410.0,0.0,88.0,342.0,1.0,0,1
LP001138,0,1,1,1,0,5649.0,0.0,44.0,360.0,1.0,0,1
LP001144,0,1,0,1,0,5821.0,0.0,144.0,360.0,1.0,0,1
LP001146,1,1,0,1,0,2645.0,3440.0,120.0,360.0,0.0,0,0
LP001151,1,0,0,1,0,4000.0,2275.0,144.0,360.0,1.0,1,1
LP001155,1,1,0,0,0,1928.0,1644.0,100.0,360.0,1.0,1,1
LP001157,1,0,0,1,0,3086.0,0.0,120.0,360.0,1.0,1,1
LP001164,1,0,0,1,0,4230.0,0.0,112.0,360.0,1.0,1,0
LP001179,0,1,2,1,0,4616.0,0.0,134.0,360.0,1.0,0,0
LP001186,1,1,1,1,1,11500.0,0.0,286.0,360.0,0.0,0,0
LP001194,0,1,2,1,0,2708.0,1167.0,97.0,360.0,1.0,1,1
LP001195,0,1,0,1,0,2132.0,1591.0,96.0,360.0,1.0,1,1
LP001197,0,1,0,1,0,3366.0,2200.0,135.0,360.0,1.0,2,0
LP001198,0,1,1,1,0,8080.0,2250.0,180.0,360.0,1.0,0,1
LP001199,0,1,2,0,0,3357.0,2859.0,144.0,360.0,1.0,0,1
LP001205,0,1,0,1,0,2500.0,3796.0,120.0,360.0,1.0,0,1
LP001206,0,1,3,1,0,3029.0,0.0,99.0,360.0,1.0,0,1
LP001207,0,1,0,0,1,2609.0,3449.0,165.0,180.0,0.0,2,0
LP001213,0,1,1,1,0,4945.0,0.0,146.41216216216216,360.0,0.0,2,0
LP001222,1,0,0,1,0,4166.0,0.0,116.0,360.0,0.0,1,0
LP001225,0,1,0,1,0,5726.0,4595.0,258.0,360.0,1.0,1,0
LP001228,0,0,0,0,0,3200.0,2254.0,126.0,180.0,0.0,0,0
LP001233,0,1,1,1,0,10750.0,0.0,312.0,360.0,1.0,0,1
LP001238,0,1,3,0,1,7100.0,0.0,125.0,60.0,1.0,0,1
LP001241,1,0,0,1,0,4300.0,0.0,136.0,360.0,0.0,1,0
LP001243,0,1,0,1,0,3208.0,3066.0,172.0,360.0,1.0,0,1
LP001245,0,1,2,0,1,1875.0,1875.0,97.0,360.0,1.0,1,1
LP001248,0,0,0,1,0,3500.0,0.0,81.0,300.0,1.0,1,1
LP001250,0,1,3,0,0,4755.0,0.0,95.0,342.0,0.0,1,0
LP001253,0,1,3,1,1,5266.0,1774.0,187.0,360.0,1.0,1,1
LP001255,0,0,0,1,0,3750.0,0.0,113.0,480.0,1.0,0,0
LP001256,0,0,0,1,0,3750.0,4750.0,176.0,360.0,1.0,0,0
LP001259,0,1,1,1,1,1000.0,3022.0,110.0,360.0,1.0,0,0
LP001263,0,1,3,1,0,3167.0,4000.0,180.0,300.0,0.0,1,0
LP001264,0,1,3,0,1,3333.0,2166.0,130.0,360.0,0.0,1,1
LP001265,1,0,0,1,0,3846.0,0.0,111.0,360.0,1.0,1,1
LP001266,0,1,1,1,1,2395.0,0.0,146.41216216216216,360.0,1.0,1,1
LP001267,1,1,2,1,0,1378.0,1881.0,167.0,360.0,1.0,0,0
LP001273,0,1,0,1,0,6000.0,2250.0,265.0,360.0,0.0,1,0
LP001275,0,1,1,1,0,3988.0,0.0,50.0,240.0,1.0,0,1
LP001279,0,0,0,1,0,2366.0,2531.0,136.0,360.0,1.0,1,1
LP001280,0,1,2,0,0,3333.0,2000.0,99.0,360.0,0.0,1,1
LP001282,0,1,0,1,0,2500.0,2118.0,104.0,360.0,1.0,1,1
LP001289,0,0,0,1,0,8566.0,0.0,210.0,360.0,1.0,0,1
LP001310,0,1,0,1,0,5695.0,4167.0,175.0,360.0,1.0,1,1
LP001316,0,1,0,1,0,2958.0,2900.0,131.0,360.0,1.0,1,1
LP001318,0,1,2,1,0,6250.0,5654.0,188.0,180.0,1.0,1,1
LP001319,0,1,2,0,0,3273.0,1820.0,81.0,360.0,1.0,0,1
LP001322,0,0,0,1,0,4133.0,0.0,122.0,360.0,1.0,1,1
LP001325,0,0,0,0,0,3620.0,0.0,25.0,120.0,1.0,1,1
LP001326,0,0,0,1,0,6782.0,0.0,146.41216216216216,360.0,0.0,0,0
LP001327,1,1,0,1,0,2484.0,2302.0,137.0,360.0,1.0,1,1
LP001333,0,1,0,1,0,1977.0,997.0,50.0,360.0,1.0,1,1
LP001334,0,1,0,0,0,4188.0,0.0,115.0,180.0,1.0,1,1
LP001343,0,1,0,1,0,1759.0,3541.0,131.0,360.0,1.0,1,1
LP001345,0,1,2,0,0,4288.0,3263.0,133.0,180.0,1.0,0,1
LP001349,0,0,0,1,0,4843.0,3806.0,151.0,360.0,1.0,1,1
LP001350,0,1,0,1,0,13650.0,0.0,146.41216216216216,360.0,1.0,0,1
LP001356,0,1,0,1,0,4652.0,3583.0,146.41216216216216,360.0,1.0,1,1
LP001357,0,0,0,1,0,3816.0,754.0,160.0,360.0,1.0,0,1
LP001367,0,1,1,1,0,3052.0,1030.0,100.0,360.0,1.0,0,1
LP001369,0,1,2,1,0,11417.0,1126.0,225.0,360.0,1.0,0,1
LP001370,0,0,0,0,0,7333.0,0.0,120.0,360.0,1.0,2,0
LP001379,0,1,2,1,0,3800.0,3600.0,216.0,360.0,0.0,0,0
LP001384,0,1,3,0,0,2071.0,754.0,94.0,480.0,1.0,1,1
LP001385,0,0,0,1,0,5316.0,0.0,136.0,360.0,1.0,0,1
LP001387,1,1,0,1,0,2929.0,2333.0,139.0,360.0,1.0,1,1
LP001391,0,1,0,0,0,3572.0,4114.0,152.0,342.0,0.0,2,0
LP001392,1,0,1,1,1,7451.0,0.0,146.41216216216216,360.0,1.0,1,1
LP001398,0,0,0,1,0,5050.0,0.0,118.0,360.0,1.0,1,1
LP001401,0,1,1,1,0,14583.0,0.0,185.0,180.0,1.0,2,1
LP001404,1,1,0,1,0,3167.0,2283.0,154.0,360.0,1.0,1,1
LP001405,0,1,1,1,0,2214.0,1398.0,85.0,360.0,0.0,0,1
LP001421,0,1,0,1,0,5568.0,2142.0,175.0,360.0,1.0,2,0
LP001422,1,0,0,1,0,10408.0,0.0,259.0,360.0,1.0,0,1
LP001426,0,1,0,1,0,5667.0,2667.0,180.0,360.0,1.0,2,1
LP001430,1,0,0,1,0,4166.0,0.0,44.0,360.0,1.0,1,1
LP001431,1,0,0,1,0,2137.0,8980.0,137.0,360.0,0.0,1,1
LP001432,0,1,2,1,0,2957.0,0.0,81.0,360.0,1.0,1,1
LP001439,0,1,0,0,0,4300.0,2014.0,194.0,360.0,1.0,2,1
LP001443,1,0,0,1,0,3692.0,0.0,93.0,360.0,0.0,2,1
LP001449,0,0,0,1,0,3865.0,1640.0,146.41216216216216,360.0,1.0,2,1
LP001451,0,1,1,1,1,10513.0,3850.0,160.0,180.0,0.0,0,0
LP001465,0,1,0,1,0,6080.0,2569.0,182.0,360.0,0.0,2,0
LP001469,0,0,0,1,1,20166.0,0.0,650.0,480.0,0.0,0,1
LP001473,0,0,0,1,0,2014.0,1929.0,74.0,360.0,1.0,0,1
LP001478,0,0,0,1,0,2718.0,0.0,70.0,360.0,1.0,1,1
LP001482,0,1,0,1,1,3459.0,0.0,25.0,120.0,1.0,1,1
LP001487,0,0,0,1,0,4895.0,0.0,102.0,360.0,1.0,1,1
LP001488,0,1,3,1,0,4000.0,7750.0,290.0,360.0,1.0,1,0
LP001489,1,1,0,1,0,4583.0,0.0,84.0,360.0,1.0,2,0
LP001491,0,1,2,1,1,3316.0,3500.0,88.0,360.0,1.0,0,1
LP001492,0,0,0,1,0,14999.0,0.0,242.0,360.0,0.0,1,0
LP001493,0,1,2,0,0,4200.0,1430.0,129.0,360.0,1.0,2,0
LP001497,0,1,2,1,0,5042.0,2083.0,185.0,360.0,1.0,2,0
LP001498,0,0,0,1,0,5417.0,0.0,168.0,360.0,1.0,0,1
LP001504,0,0,0,1,1,6950.0,0.0,175.0,180.0,1.0,1,1
LP001507,0,1,0,1,0,2698.0,2034.0,122.0,360.0,1.0,1,1
LP001508,0,1,2,1,0,11757.0,0.0,187.0,180.0,1.0,0,1
LP001514,1,1,0,1,0,2330.0,4486.0,100.0,360.0,1.0,1,1
LP001516,1,1,2,1,0,14866.0,0.0,70.0,360.0,1.0,0,1
LP001518,0,1,1,1,0,1538.0,1425.0,30.0,360.0,1.0,0,1
LP001519,1,0,0,1,0,10000.0,1666.0,225.0,360.0,1.0,2,0
LP001520,0,1,0,1,0,4860.0,830.0,125.0,360.0,1.0,1,1
LP001528,0,0,0,1,0,6277.0,0.0,118.0,360.0,0.0,2,0
LP001529,0,1,0,1,1,2577.0,3750.0,152.0,360.0,1.0,2,1
LP001531,0,0,0,1,0,9166.0,0.0,244.0,360.0,1.0,0,0
LP001532,0,1,2,0,0,2281.0,0.0,113.0,360.0,1.0,2,0
LP001535,0,0,0,1,0,3254.0,0.0,50.0,360.0,1.0,0,1
LP001536,0,1,3,1,0,39999.0,0.0,600.0,180.0,0.0,1,1
LP001541,0,1,1,1,0,6000.0,0.0,160.0,360.0,0.0,2,1
LP001543,0,1,1,1,0,9538.0,0.0,187.0,360.0,1.0,0,1
LP001546,0,0,0,1,0,2980.0,2083.0,120.0,360.0,1.0,2,1
LP001552,0,1,0,1,0,4583.0,5625.0,255.0,360.0,1.0,1,1
LP001560,0,1,0,0,0,1863.0,1041.0,98.0,360.0,1.0,1,1
LP001562,0,1,0,1,0,7933.0,0.0,275.0,360.0,1.0,0,0
LP001565,0,1,1,1,0,3089.0,1280.0,121.0,360.0,0.0,1,0
LP001570,0,1,2,1,0,4167.0,1447.0,158.0,360.0,1.0,2,1
LP001572,0,1,0,1,0,9323.0,0.0,75.0,180.0,1.0,0,1
LP001574,0,1,0,1,0,3707.0,3166.0,182.0,342.0,1.0,2,1
LP001577,1,1,0,1,0,4583.0,0.0,112.0,360.0,1.0,2,0
LP001578,0,1,0,1,0,2439.0,3333.0,129.0,360.0,1.0,2,1
LP001579,0,0,0,1,0,2237.0,0.0,63.0,480.0,0.0,1,0
LP001580,0,1,2,1,0,8000.0,0.0,200.0,360.0,1.0,1,1
LP001581,0,1,0,0,0,1820.0,1769.0,95.0,360.0,1.0,2,1
LP001586,0,1,3,0,0,3522.0,0.0,81.0,180.0,1.0,2,0
LP001594,0,1,0,1,0,5708.0,5625.0,187.0,360.0,1.0,1,1
LP001603,0,1,0,0,1,4344.0,736.0,87.0,360.0,1.0,1,0
LP001606,0,1,0,1,0,3497.0,1964.0,116.0,360.0,1.0,2,1
LP001608,0,1,2,1,0,2045.0,1619.0,101.0,360.0,1.0,2,1
LP001610,0,1,3,1,0,5516.0,11300.0,495.0,360.0,0.0,1,0
LP001616,0,1,1,1,0,3750.0,0.0,116.0,360.0,1.0,1,1
LP001630,0,0,0,0,0,2333.0,1451.0,102.0,480.0,0.0,0,0
LP001633,0,1,1,1,0,6400.0,7250.0,180.0,360.0,0.0,0,0
LP001634,0,0,0,1,0,1916.0,5063.0,67.0,360.0,0.0,2,0
LP001636,0,1,0,1,0,4600.0,0.0,73.0,180.0,1.0,1,1
LP001637,0,1,1,1,0,33846.0,0.0,260.0,360.0,1.0,1,0
LP001639,1,1,0,1,0,3625.0,0.0,108.0,360.0,1.0,1,1
LP001640,0,1,0,1,1,39147.0,4750.0,120.0,360.0,1.0,1,1
LP001641,0,1,1,1,1,2178.0,0.0,66.0,300.0,0.0,2,0
LP001643,0,1,0,1,0,2383.0,2138.0,58.0,360.0,0.0,2,1
LP001647,0,1,0,1,0,9328.0,0.0,188.0,180.0,1.0,2,1
LP001653,0,0,0,0,0,4885.0,0.0,48.0,360.0,1.0,2,1
LP001656,0,0,0,1,0,12000.0,0.0,164.0,360.0,1.0,1,0
LP001657,0,1,0,0,0,6033.0,0.0,160.0,360.0,1.0,0,0
LP001658,0,0,0,1,0,3858.0,0.0,76.0,360.0,1.0,1,1
LP001664,0,0,0,1,0,4191.0,0.0,120.0,360.0,1.0,2,1
LP001665,0,1,1,1,0,3125.0,2583.0,170.0,360.0,1.0,1,0
LP001666,0,0,0,1,0,8333.0,3750.0,187.0,360.0,1.0,2,1
LP001669,1,0,0,0,0,1907.0,2365.0,120.0,342.0,1.0,0,1
LP001671,1,1,0,1,0,3416.0,2816.0,113.0,360.0,0.0,1,1
LP001673,0,0,0,1,1,11000.0,0.0,83.0,360.0,1.0,0,0
LP001674,0,1,1,0,0,2600.0,2500.0,90.0,360.0,1.0,1,1
LP001677,0,0,2,1,0,4923.0,0.0,166.0,360.0,0.0,1,1
LP001682,0,1,3,0,0,3992.0,0.0,146.41216216216216,180.0,1.0,0,0
LP001688,0,1,1,0,0,3500.0,1083.0,135.0,360.0,1.0,0,1
LP001691,0,1,2,0,0,3917.0,0.0,124.0,360.0,1.0,1,1
LP001692,1,0,0,0,0,4408.0,0.0,120.0,360.0,1.0,1,1
LP001693,1,0,0,1,0,3244.0,0.0,80.0,360.0,1.0,0,1
LP001698,0,0,0,0,0,3975.0,2531.0,55.0,360.0,1.0,2,1
LP001699,0,0,0,1,0,2479.0,0.0,59.0,360.0,1.0,0,1
LP001702,0,0,0,1,0,3418.0,0.0,127.0,360.0,1.0,1,0
LP001708,1,0,0,1,0,10000.0,0.0,214.0,360.0,1.0,1,0
LP001711,0,1,3,1,0,3430.0,1250.0,128.0,360.0,0.0,1,0
LP001713,0,1,1,1,1,7787.0,0.0,240.0,360.0,1.0,0,1
LP001715,0,1,3,0,1,5703.0,0.0,130.0,360.0,1.0,2,1
LP001716,0,1,0,1,0,3173.0,3021.0,137.0,360.0,1.0,0,1
LP001720,0,1,3,0,0,3850.0,983.0,100.0,360.0,1.0,1,1
LP001722,0,1,0,1,0,150.0,1800.0,135.0,360.0,1.0,2,0
LP001726,0,1,0,1,0,3727.0,1775.0,131.0,360.0,1.0,1,1
LP001732,0,1,2,1,0,5000.0,0.0,72.0,360.0,0.0,1,0
LP001734,1,1,2,1,0,4283.0,2383.0,127.0,360.0,0.0,1,1
LP001736,0,1,0,1,0,2221.0,0.0,60.0,360.0,0.0,0,0
LP001743,0,1,2,1,0,4009.0,1717.0,116.0,360.0,1.0,1,1
LP001744,0,0,0,1,0,2971.0,2791.0,144.0,360.0,1.0,1,1
LP001749,0,1,0,1,0,7578.0,1010.0,175.0,342.0,1.0,1,1
LP001750,0,1,0,1,0,6250.0,0.0,128.0,360.0,1.0,1,1
LP001751,0,1,0,1,0,3250.0,0.0,170.0,360.0,1.0,2,0
LP001754,0,1,0,0,1,4735.0,0.0,138.0,360.0,1.0,0,0
LP001758,0,1,2,1,0,6250.0,1695.0,210.0,360.0,1.0,1,1
LP001760,0,0,0,1,0,4758.0,0.0,158.0,480.0,1.0,1,1
LP001761,0,0,0,1,1,6400.0,0.0,200.0,360.0,1.0,2,1
LP001765,0,1,1,1,0,2491.0,2054.0,104.0,360.0,1.0,1,1
LP001768,0,1,0,1,0,3716.0,0.0,42.0,180.0,1.0,2,1
LP001770,0,0,0,0,0,3189.0,2598.0,120.0,342.0,1.0,2,1
LP001776,1,0,0,1,0,8333.0,0.0,280.0,360.0,1.0,1,1
LP001778,0,1,1,1,0,3155.0,1779.0,140.0,360.0,1.0,1,1
LP001784,0,1,1,1,0,5500.0,1260.0,170.0,360.0,1.0,2,1
LP001786,0,1,0,1,0,5746.0,0.0,255.0,360.0,0.0,0,0
LP001788,1,0,0,1,1,3463.0,0.0,122.0,360.0,0.0,0,1
LP001790,1,0,1,1,0,3812.0,0.0,112.0,360.0,1.0,2,1
LP001792,0,1,1,1,0,3315.0,0.0,96.0,360.0,1.0,1,1
LP001798,0,1,2,1,0,5819.0,5000.0,120.0,360.0,1.0,2,1
LP001800,0,1,1,0,0,2510.0,1983.0,140.0,180.0,1.0,0,0
LP001806,0,0,0,1,0,2965.0,5701.0,155.0,60.0,1.0,0,1
LP001807,0,1,2,1,1,6250.0,1300.0,108.0,360.0,1.0,2,1
LP001811,0,1,0,0,0,3406.0,4417.0,123.0,360.0,1.0,1,1
LP001813,0,0,0,1,1,6050.0,4333.0,120.0,180.0,1.0,0,0
LP001814,0,1,2,1,0,9703.0,0.0,112.0,360.0,1.0,0,1
LP001819,0,1,1,0,0,6608.0,0.0,137.0,180.0,1.0,0,1
LP001824,0,1,1,1,0,2882.0,1843.0,123.0,480.0,1.0,1,1
LP001825,0,1,0,1,0,1809.0,1868.0,90.0,360.0,1.0,0,1
LP001835,0,1,0,0,0,1668.0,3890.0,201.0,360.0,0.0,1,0
LP001836,1,0,2,1,0,3427.0,0.0,138.0,360.0,1.0,0,0
LP001841,0,0,0,0,1,2583.0,2167.0,104.0,360.0,1.0,2,1
LP001843,0,1,1,0,0,2661.0,7101.0,279.0,180.0,1.0,1,1
LP001844,0,0,0,1,1,16250.0,0.0,192.0,360.0,0.0,0,0
LP001846,1,0,3,1,0,3083.0,0.0,255.0,360.0,1.0,2,1
LP001849,0,0,0,0,0,6045.0,0.0,115.0,360.0,0.0,2,0
LP001854,0,1,3,1,0,5250.0,0.0,94.0,360.0,1.0,0,0
LP001859,0,1,0,1,0,14683.0,2100.0,304.0,360.0,1.0,2,0
LP001864,0,1,3,0,0,4931.0,0.0,128.0,360.0,0.0,1,0
LP001865,0,1,1,1,0,6083.0,4250.0,330.0,360.0,0.0,0,1
LP001868,0,0,0,1,0,2060.0,2209.0,134.0,360.0,1.0,1,1
LP001870,1,0,1,1,0,3481.0,0.0,155.0,36.0,1.0,1,0
LP001871,1,0,0,1,0,7200.0,0.0,120.0,360.0,1.0,2,1
LP001872,0,0,0,1,1,5166.0,0.0,128.0,360.0,1.0,1,1
LP001875,0,0,0,1,0,4095.0,3447.0,151.0,360.0,1.0,2,1
LP001877,0,1,2,1,0,4708.0,1387.0,150.0,360.0,1.0,1,1
LP001882,0,1,3,1,0,4333.0,1811.0,160.0,360.0,0.0,0,1
LP001883,1,0,0,1,0,3418.0,0.0,135.0,360.0,1.0,2,0
LP001884,1,0,1,1,0,2876.0,1560.0,90.0,360.0,1.0,0,1
LP001888,1,0,0,1,0,3237.0,0.0,30.0,360.0,1.0,0,1
LP001891,0,1,0,1,0,11146.0,0.0,136.0,360.0,1.0,0,1
LP001892,0,0,0,1,0,2833.0,1857.0,126.0,360.0,1.0,2,1
LP001894,0,1,0,1,0,2620.0,2223.0,150.0,360.0,1.0,1,1
LP001896,0,1,2,1,0,3900.0,0.0,90.0,360.0,1.0,1,1
LP001900,0,1,1,1,0,2750.0,1842.0,115.0,360.0,1.0,1,1
LP001903,0,1,0,1,0,3993.0,3274.0,207.0,360.0,1.0,1,1
LP001904,0,1,0,1,0,3103.0,1300.0,80.0,360.0,1.0,0,1
LP001907,0,1,0,1,0,14583.0,0.0,436.0,360.0,1.0,1,1
LP001908,1,1,0,0,0,4100.0,0.0,124.0,360.0,0.0,2,1
LP001910,0,0,1,0,1,4053.0,2426.0,158.0,360.0,0.0,0,0
LP001914,0,1,0,1,0,3927.0,800.0,112.0,360.0,1.0,1,1
LP001915,0,1,2,1,0,2301.0,985.7999878,78.0,180.0,1.0,0,1
LP001917,1,0,0,1,0,1811.0,1666.0,54.0,360.0,1.0,0,1
LP001922,0,1,0,1,0,20667.0,0.0,146.41216216216216,360.0,1.0,2,0
LP001924,0,0,0,1,0,3158.0,3053.0,89.0,360.0,1.0,2,1
LP001925,1,0,0,1,1,2600.0,1717.0,99.0,300.0,1.0,1,0
LP001926,0,1,0,1,0,3704.0,2000.0,120.0,360.0,1.0,2,1
LP001931,1,0,0,1,0,4124.0,0.0,115.0,360.0,1.0,1,1
LP001935,0,0,0,1,0,9508.0,0.0,187.0,360.0,1.0,2,1
LP001936,0,1,0,1,0,3075.0,2416.0,139.0,360.0,1.0,2,1
LP001938,0,1,2,1,0,4400.0,0.0,127.0,360.0,0.0,1,0
LP001940,0,1,2,1,0,3153.0,1560.0,134.0,360.0,1.0,0,1
LP001945,1,0,0,1,0,5417.0,0.0,143.0,480.0,0.0,0,0
LP001947,0,1,0,1,0,2383.0,3334.0,172.0,360.0,1.0,1,1
LP001949,0,1,3,1,0,4416.0,1250.0,110.0,360.0,1.0,0,1
LP001953,0,1,1,1,0,6875.0,0.0,200.0,360.0,1.0,1,1
LP001954,1,1,1,1,0,4666.0,0.0,135.0,360.0,1.0,0,1
LP001955,1,0,0,1,0,5000.0,2541.0,151.0,480.0,1.0,2,0
LP001963,0,1,1,1,0,2014.0,2925.0,113.0,360.0,1.0,0,0
LP001964,0,1,0,0,0,1800.0,2934.0,93.0,360.0,0.0,0,0
LP001972,0,1,0,0,0,2875.0,1750.0,105.0,360.0,1.0,1,1
LP001974,1,0,0,1,0,5000.0,0.0,132.0,360.0,1.0,2,1
LP001977,0,1,1,1,0,1625.0,1803.0,96.0,360.0,1.0,0,1
LP001978,0,0,0,1,0,4000.0,2500.0,140.0,360.0,1.0,2,1
LP001990,0,0,0,0,0,2000.0,0.0,146.41216216216216,360.0,1.0,0,0
LP001993,1,0,0,1,0,3762.0,1666.0,135.0,360.0,1.0,2,1
LP001994,1,0,0,1,0,2400.0,1863.0,104.0,360.0,0.0,0,0
LP001996,0,0,0,1,0,20233.0,0.0,480.0,360.0,1.0,2,0
LP001998,0,1,2,0,0,7667.0,0.0,185.0,360.0,0.0,2,1
LP002002,1,0,0,1,0,2917.0,0.0,84.0,360.0,1.0,1,1
LP002004,0,0,0,0,0,2927.0,2405.0,111.0,360.0,1.0,1,1
LP002006,1,0,0,1,0,2507.0,0.0,56.0,360.0,1.0,2,1
LP002008,0,1,2,1,1,5746.0,0.0,144.0,84.0,0.0,2,1
LP002031,0,1,1,0,0,3399.0,1640.0,111.0,180.0,1.0,0,1
LP002035,0,1,2,1,0,3717.0,0.0,120.0,360.0,1.0,1,1
LP002036,0,1,0,1,0,2058.0,2134.0,88.0,360.0,0.0,0,1
LP002043,1,0,1,1,0,3541.0,0.0,112.0,360.0,0.0,1,1
LP002050,0,1,1,1,1,10000.0,0.0,155.0,360.0,1.0,2,0
LP002051,0,1,0,1,0,2400.0,2167.0,115.0,360.0,1.0,1,1
LP002053,0,1,3,1,0,4342.0,189.0,124.0,360.0,1.0,1,1
LP002054,0,1,2,0,0,3601.0,1590.0,146.41216216216216,360.0,1.0,2,1
LP002055,1,0,0,1,0,3166.0,2985.0,132.0,360.0,0.0,2,1
LP002065,0,1,3,1,0,15000.0,0.0,300.0,360.0,1.0,2,1
LP002067,0,1,1,1,1,8666.0,4983.0,376.0,360.0,0.0,2,0
LP002068,0,0,0,1,0,4917.0,0.0,130.0,360.0,0.0,2,1
LP002082,0,1,0,1,1,5818.0,2160.0,184.0,360.0,1.0,1,1
LP002086,1,1,0,1,0,4333.0,2451.0,110.0,360.0,1.0,0,0
LP002087,1,0,0,1,0,2500.0,0.0,67.0,360.0,1.0,0,1
LP002097,0,0,1,1,0,4384.0,1793.0,117.0,360.0,1.0,0,1
LP002098,0,0,0,1,0,2935.0,0.0,98.0,360.0,1.0,1,1
LP002100,0,0,0,1,0,2833.0,0.0,71.0,360.0,1.0,0,1
LP002101,0,1,0,1,0,63337.0,0.0,490.0,180.0,1.0,0,1
LP002106,0,1,0,1,1,5503.0,4490.0,70.0,342.0,1.0,1,1
LP002110,0,1,1,1,0,5250.0,688.0,160.0,360.0,1.0,2,1
LP002112,0,1,2,1,1,2500.0,4600.0,176.0,360.0,1.0,2,1
LP002113,1,0,3,0,0,1830.0,0.0,146.41216216216216,360.0,0.0,0,0
LP002114,1,0,0,1,0,4160.0,0.0,71.0,360.0,1.0,1,1
LP002115,0,1,3,0,0,2647.0,1587.0,173.0,360.0,1.0,2,0
LP002116,1,0,0,1,0,2378.0,0.0,46.0,360.0,1.0,2,0
LP002119,0,1,1,0,0,4554.0,1229.0,158.0,360.0,1.0,0,1
LP002126,0,1,3,0,0,3173.0,0.0,74.0,360.0,1.0,1,1
LP002128,0,1,2,1,0,2583.0,2330.0,125.0,360.0,1.0,2,1
LP002129,0,1,0,1,0,2499.0,2458.0,160.0,360.0,1.0,1,1
LP002130,0,1,0,0,0,3523.0,3230.0,152.0,360.0,0.0,2,0
LP002131,0,1,2,0,0,3083.0,2168.0,126.0,360.0,1.0,0,1
LP002137,0,1,0,1,0,6333.0,4583.0,259.0,360.0,0.0,1,1
LP002138,0,1,0,1,0,2625.0,6250.0,187.0,360.0,1.0,2,1
LP002139,0,1,0,1,0,9083.0,0.0,228.0,360.0,1.0,1,1
LP002140,0,0,0,1,0,8750.0,4167.0,308.0,360.0,1.0,2,0
LP002141,0,1,3,1,0,2666.0,2083.0,95.0,360.0,1.0,2,1
LP002142,1,1,0,1,1,5500.0,0.0,105.0,360.0,0.0,2,0
LP002143,1,1,0,1,0,2423.0,505.0,130.0,360.0,1.0,1,1
LP002144,1,0,0,1,0,3813.0,0.0,116.0,180.0,1.0,0,1
LP002149,0,1,2,1,0,8333.0,3167.0,165.0,360.0,1.0,2,1
LP002151,0,1,1,1,0,3875.0,0.0,67.0,360.0,1.0,0,0
LP002158,0,1,0,0,0,3000.0,1666.0,100.0,480.0,0.0,0,0
LP002160,0,1,3,1,0,5167.0,3167.0,200.0,360.0,1.0,1,1
LP002161,1,0,1,1,0,4723.0,0.0,81.0,360.0,1.0,1,0
LP002170,0,1,2,1,0,5000.0,3667.0,236.0,360.0,1.0,1,1
LP002175,0,1,0,1,0,4750.0,2333.0,130.0,360.0,1.0,0,1
LP002178,0,1,0,1,0,3013.0,3033.0,95.0,300.0,0.0,0,1
LP002180,0,0,0,1,1,6822.0,0.0,141.0,360.0,1.0,2,1
LP002181,0,0,0,0,0,6216.0,0.0,133.0,360.0,1.0,2,0
LP002187,0,0,0,1,0,2500.0,0.0,96.0,480.0,1.0,1,0
LP002188,0,0,0,1,0,5124.0,0.0,124.0,342.0,0.0,2,0
LP002190,0,1,1,1,0,6325.0,0.0,175.0,360.0,1.0,1,1
LP002191,0,1,0,1,0,19730.0,5266.0,570.0,360.0,1.0,2,0
LP002194,1,0,0,1,1,15759.0,0.0,55.0,360.0,1.0,1,1
LP002197,0,1,2,1,0,5185.0,0.0,155.0,360.0,1.0,1,1
LP002201,0,1,2,1,1,9323.0,7873.0,380.0,300.0,1.0,2,1
LP002205,0,0,1,1,0,3062.0,1987.0,111.0,180.0,0.0,0,0
LP002209,1,0,0,1,0,2764.0,1459.0,110.0,360.0,1.0,0,1
LP002211,0,1,0,1,0,4817.0,923.0,120.0,180.0,1.0,0,1
LP002219,0,1,3,1,0,8750.0,4996.0,130.0,360.0,1.0,2,1
LP002223,0,1,0,1,0,4310.0,0.0,130.0,360.0,0.0,1,1
LP002224,0,0,0,1,0,3069.0,0.0,71.0,480.0,1.0,0,0
LP002225,0,1,2,1,0,5391.0,0.0,130.0,360.0,1.0,0,1
LP002226,0,1,0,1,0,3333.0,2500.0,128.0,360.0,1.0,1,1
LP002229,0,0,0,1,0,5941.0,4232.0,296.0,360.0,1.0,1,1
LP002231,1,0,0,1,0,6000.0,0.0,156.0,360.0,1.0,0,1
LP002234,0,0,0,1,1,7167.0,0.0,128.0,360.0,1.0,0,1
LP002236,0,1,2,1,0,4566.0,0.0,100.0,360.0,1.0,0,0
LP002237,0,0,1,1,0,3667.0,0.0,113.0,180.0,1.0,0,1
LP002239,0,0,0,0,0,2346.0,1600.0,132.0,360.0,1.0,1,1
LP002243,0,1,0,0,0,3010.0,3136.0,146.41216216216216,360.0,0.0,0,0
LP002244,0,1,0,1,0,2333.0,2417.0,136.0,360.0,1.0,0,1
LP002250,0,1,0,1,0,5488.0,0.0,125.0,360.0,1.0,2,1
LP002255,0,0,3,1,0,9167.0,0.0,185.0,360.0,1.0,2,1
LP002262,0,1,3,1,0,9504.0,0.0,275.0,360.0,1.0,2,1
LP002263,0,1,0,1,0,2583.0,2115.0,120.0,360.0,0.0,0,1
LP002265,0,1,2,0,0,1993.0,1625.0,113.0,180.0,1.0,1,1
LP002266,0,1,2,1,0,3100.0,1400.0,113.0,360.0,1.0,0,1
LP002272,0,1,2,1,0,3276.0,484.0,135.0,360.0,0.0,1,1
LP002277,1,0,0,1,0,3180.0,0.0,71.0,360.0,0.0,0,0
LP002281,0,1,0,1,0,3033.0,1459.0,95.0,360.0,1.0,0,1
LP002284,0,0,0,0,0,3902.0,1666.0,109.0,360.0,1.0,2,1
LP002287,1,0,0,1,0,1500.0,1800.0,103.0,360.0,0.0,1,0
LP002288,0,1,2,0,0,2889.0,0.0,45.0,180.0,0.0,0,0
LP002296,0,0,0,0,0,2755.0,0.0,65.0,300.0,1.0,2,0
LP002297,0,0,0,1,0,2500.0,20000.0,103.0,360.0,1.0,1,1
LP002300,1,0,0,0,0,1963.0,0.0,53.0,360.0,1.0,1,1
LP002301,1,0,0,1,1,7441.0,0.0,194.0,360.0,1.0,2,0
LP002305,1,0,0,1,0,4547.0,0.0,115.0,360.0,1.0,1,1
LP002308,0,1,0,0,0,2167.0,2400.0,115.0,360.0,1.0,0,1
LP002314,1,0,0,0,0,2213.0,0.0,66.0,360.0,1.0,2,1
LP002315,0,1,1,1,0,8300.0,0.0,152.0,300.0,0.0,1,0
LP002317,0,1,3,1,0,81000.0,0.0,360.0,360.0,0.0,2,0
LP002318,1,0,1,0,1,3867.0,0.0,62.0,360.0,1.0,1,0
LP002319,0,1,0,1,0,6256.0,0.0,160.0,360.0,0.0,0,1
LP002328,0,1,0,0,0,6096.0,0.0,218.0,360.0,0.0,2,0
LP002332,0,1,0,0,0,2253.0,2033.0,110.0,360.0,1.0,2,1
LP002335,1,1,0,0,0,2149.0,3237.0,178.0,360.0,0.0,1,0
LP002337,1,0,0,1,0,2995.0,0.0,60.0,360.0,1.0,0,1
LP002341,1,0,1,1,0,2600.0,0.0,160.0,360.0,1.0,0,0
LP002342,0,1,2,1,1,1600.0,20000.0,239.0,360.0,1.0,0,0
LP002345,0,1,0,1,0,1025.0,2773.0,112.0,360.0,1.0,2,1
LP002347,0,1,0,1,0,3246.0,1417.0,138.0,360.0,1.0,1,1
LP002348,0,1,0,1,0,5829.0,0.0,138.0,360.0,1.0,2,1
LP002357,1,0,0,0,0,2720.0,0.0,80.0,342.0,0.0,0,0
LP002361,0,1,0,1,0,1820.0,1719.0,100.0,360.0,1.0,0,1
LP002362,0,1,1,1,0,7250.0,1667.0,110.0,342.0,0.0,0,0
LP002364,0,1,0,1,0,14880.0,0.0,96.0,360.0,1.0,1,1
LP002366,0,1,0,1,0,2666.0,4300.0,121.0,360.0,1.0,2,1
LP002367,1,0,1,0,0,4606.0,0.0,81.0,360.0,1.0,2,0
LP002368,0,1,2,1,0,5935.0,0.0,133.0,360.0,1.0,1,1
LP002369,0,1,0,1,0,2920.0,16.12000084,87.0,360.0,1.0,2,1
LP002370,0,0,0,0,0,2717.0,0.0,60.0,180.0,1.0,0,1
LP002377,1,0,1,1,1,8624.0,0.0,150.0,360.0,1.0,1,1
LP002379,0,0,0,1,0,6500.0,0.0,105.0,360.0,0.0,2,0
LP002386,0,0,0,1,0,12876.0,0.0,405.0,360.0,1.0,1,1
LP002387,0,1,0,1,0,2425.0,2340.0,143.0,360.0,1.0,1,1
LP002390,0,0,0,1,0,3750.0,0.0,100.0,360.0,1.0,0,1
LP002393,1,0,0,1,0,10047.0,0.0,146.41216216216216,240.0,1.0,1,1
LP002398,0,0,0,1,0,1926.0,1851.0,50.0,360.0,1.0,1,1
LP002401,0,1,0,1,0,2213.0,1125.0,146.41216216216216,360.0,1.0,0,1
LP002403,0,0,0,1,1,10416.0,0.0,187.0,360.0,0.0,0,0
LP002407,1,1,0,0,1,7142.0,0.0,138.0,360.0,1.0,2,1
LP002408,0,0,0,1,0,3660.0,5064.0,187.0,360.0,1.0,1,1
LP002409,0,1,0,1,0,7901.0,1833.0,180.0,360.0,1.0,2,1
LP002418,0,0,3,0,0,4707.0,1993.0,148.0,360.0,1.0,1,1
LP002422,0,0,1,1,0,37719.0,0.0,152.0,360.0,1.0,1,1
LP002424,0,1,0,1,0,7333.0,8333.0,175.0,300.0,0.0,2,1
LP002429,0,1,1,1,1,3466.0,1210.0,130.0,360.0,1.0,2,1
LP002434,0,1,2,0,0,4652.0,0.0,110.0,360.0,1.0,2,1
LP002435,0,1,0,1,0,3539.0,1376.0,55.0,360.0,1.0,2,0
LP002443,0,1,2,1,0,3340.0,1710.0,150.0,360.0,0.0,2,0
LP002444,0,0,1,0,1,2769.0,1542.0,190.0,360.0,0.0,1,0
LP002446,0,1,2,0,0,2309.0,1255.0,125.0,360.0,0.0,2,0
LP002447,0,1,2,0,0,1958.0,1456.0,60.0,300.0,0.0,0,1
LP002448,0,1,0,1,0,3948.0,1733.0,149.0,360.0,0.0,2,0
LP002449,0,1,0,1,0,2483.0,2466.0,90.0,180.0,0.0,2,1
LP002453,0,0,0,1,1,7085.0,0.0,84.0,360.0,1.0,1,1
LP002455,0,1,2,1,0,3859.0,0.0,96.0,360.0,1.0,1,1
LP002459,0,1,0,1,0,4301.0,0.0,118.0,360.0,1.0,0,1
LP002467,0,1,0,1,0,3708.0,2569.0,173.0,360.0,1.0,0,0
LP002472,0,0,2,1,0,4354.0,0.0,136.0,360.0,1.0,2,1
LP002473,0,1,0,1,0,8334.0,0.0,160.0,360.0,1.0,1,0
LP002484,0,1,3,1,0,7740.0,0.0,128.0,180.0,1.0,0,1
LP002487,0,1,0,1,0,3015.0,2188.0,153.0,360.0,1.0,2,1
LP002489,1,0,1,0,0,5191.0,0.0,132.0,360.0,1.0,1,1
LP002493,0,0,0,1,0,4166.0,0.0,98.0,360.0,0.0,1,0
LP002494,0,0,0,1,0,6000.0,0.0,140.0,360.0,1.0,2,1
LP002500,0,1,3,0,0,2947.0,1664.0,70.0,180.0,0.0,0,0
LP002502,1,1,2,0,0,210.0,2917.0,98.0,360.0,1.0,1,1
LP002505,0,1,0,1,0,4333.0,2451.0,110.0,360.0,1.0,0,0
LP002515,0,1,1,1,1,3450.0,2079.0,162.0,360.0,1.0,1,1
LP002517,0,1,1,0,0,2653.0,1500.0,113.0,180.0,0.0,2,0
LP002519,0,1,3,1,0,4691.0,0.0,100.0,360.0,1.0,1,1
LP002522,1,0,0,1,1,2500.0,0.0,93.0,360.0,0.0,0,1
LP002524,0,0,2,1,0,5532.0,4648.0,162.0,360.0,1.0,2,1
LP002527,0,1,2,1,1,16525.0,1014.0,150.0,360.0,1.0,2,1
LP002529,0,1,2,1,0,6700.0,1750.0,230.0,300.0,1.0,1,1
LP002531,0,1,1,1,1,16667.0,2250.0,86.0,360.0,1.0,1,1
LP002533,0,1,2,1,0,2947.0,1603.0,146.41216216216216,360.0,1.0,0,0
LP002534,1,0,0,0,0,4350.0,0.0,154.0,360.0,1.0,2,1
LP002536,0,1,3,0,0,3095.0,0.0,113.0,360.0,1.0,2,1
LP002537,0,1,0,1,0,2083.0,3150.0,128.0,360.0,1.0,1,1
LP002541,0,1,0,1,0,10833.0,0.0,234.0,360.0,1.0,1,1
LP002543,0,1,2,1,0,8333.0,0.0,246.0,360.0,1.0,1,1
LP002544,0,1,1,0,0,1958.0,2436.0,131.0,360.0,1.0,2,1
LP002545,0,0,2,1,0,3547.0,0.0,80.0,360.0,0.0,2,0
LP002547,0,1,1,1,0,18333.0,0.0,500.0,360.0,1.0,0,0
LP002555,0,1,2,1,1,4583.0,2083.0,160.0,360.0,1.0,1,1
LP002556,0,0,0,1,0,2435.0,0.0,75.0,360.0,1.0,0,0
LP002560,0,0,0,0,0,2699.0,2785.0,96.0,360.0,0.0,1,1
LP002562,0,1,1,0,0,5333.0,1131.0,186.0,360.0,0.0,0,1
LP002571,0,0,0,0,0,3691.0,0.0,110.0,360.0,1.0,2,1
LP002582,1,0,0,0,1,17263.0,0.0,225.0,360.0,1.0,1,1
LP002585,0,1,0,1,0,3597.0,2157.0,119.0,360.0,0.0,2,0
LP002586,1,1,1,1,0,3326.0,913.0,105.0,84.0,1.0,1,1
LP002587,0,1,0,0,0,2600.0,1700.0,107.0,360.0,1.0,2,1
LP002588,0,1,0,1,0,4625.0,2857.0,111.0,12.0,0.0,0,1
LP002600,0,1,1,1,1,2895.0,0.0,95.0,360.0,1.0,1,1
LP002602,0,0,0,1,0,6283.0,4416.0,209.0,360.0,0.0,2,0
LP002603,1,0,0,1,0,645.0,3683.0,113.0,480.0,1.0,2,1
LP002606,1,0,0,1,0,3159.0,0.0,100.0,360.0,1.0,1,1
LP002615,0,1,2,1,0,4865.0,5624.0,208.0,360.0,1.0,1,1
LP002618,0,1,1,0,0,4050.0,5302.0,138.0,360.0,0.0,2,0
LP002619,0,1,0,0,0,3814.0,1483.0,124.0,300.0,1.0,1,1
LP002622,0,1,2,1,0,3510.0,4416.0,243.0,360.0,1.0,2,1
LP002624,0,1,0,1,0,20833.0,6667.0,480.0,360.0,0.0,0,1
LP002626,0,1,0,1,1,2479.0,3013.0,188.0,360.0,1.0,0,1
LP002634,1,0,1,1,0,13262.0,0.0,40.0,360.0,1.0,0,1
LP002637,0,0,0,0,0,3598.0,1287.0,100.0,360.0,1.0,2,0
LP002640,0,1,1,1,0,6065.0,2004.0,250.0,360.0,1.0,1,1
LP002643,0,1,2,1,0,3283.0,2035.0,148.0,360.0,1.0,0,1
LP002648,0,1,0,1,0,2130.0,6666.0,70.0,180.0,1.0,1,0
LP002652,0,0,0,1,0,5815.0,3666.0,311.0,360.0,1.0,2,0
LP002659,0,1,3,1,0,3466.0,3428.0,150.0,360.0,1.0,2,1
LP002670,1,1,2,1,0,2031.0,1632.0,113.0,480.0,1.0,1,1
LP002682,0,1,0,0,0,3074.0,1800.0,123.0,360.0,0.0,1,0
LP002683,0,0,0,1,0,4683.0,1915.0,185.0,360.0,1.0,1,0
LP002684,1,0,0,0,0,3400.0,0.0,95.0,360.0,1.0,2,0
LP002689,0,1,2,0,0,2192.0,1742.0,45.0,360.0,1.0,1,1
LP002690,0,0,0,1,0,2500.0,0.0,55.0,360.0,1.0,1,1
LP002692,0,1,3,1,1,5677.0,1424.0,100.0,360.0,1.0,2,1
LP002693,0,1,2,1,1,7948.0,7166.0,480.0,360.0,1.0,2,1
LP002697,0,0,0,1,0,4680.0,2087.0,146.41216216216216,360.0,1.0,1,0
LP002699,0,1,2,1,1,17500.0,0.0,400.0,360.0,1.0,2,1
LP002705,0,1,0,1,0,3775.0,0.0,110.0,360.0,1.0,1,1
LP002706,0,1,1,0,0,5285.0,1430.0,161.0,360.0,0.0,1,1
LP002714,0,0,1,0,0,2679.0,1302.0,94.0,360.0,1.0,1,1
LP002716,0,0,0,0,0,6783.0,0.0,130.0,360.0,1.0,1,1
LP002717,0,1,0,1,0,1025.0,5500.0,216.0,360.0,0.0,2,1
LP002720,0,1,3,1,0,4281.0,0.0,100.0,360.0,1.0,0,1
LP002723,0,0,2,1,0,3588.0,0.0,110.0,360.0,0.0,2,0
LP002729,0,0,1,1,0,11250.0,0.0,196.0,360.0,0.0,1,0
LP002731,1,0,0,0,1,18165.0,0.0,125.0,360.0,1.0,0,1
LP002732,0,0,0,0,0,2550.0,2042.0,126.0,360.0,1.0,2,1
LP002734,0,1,0,1,0,6133.0,3906.0,324.0,360.0,1.0,0,1
LP002738,0,0,2,1,0,3617.0,0.0,107.0,360.0,1.0,1,1
LP002739,0,1,0,0,0,2917.0,536.0,66.0,360.0,1.0,2,0
LP002740,0,1,3,1,0,6417.0,0.0,157.0,180.0,1.0,2,1
LP002741,1,1,1,1,0,4608.0,2845.0,140.0,180.0,1.0,1,1
LP002743,1,0,0,1,0,2138.0,0.0,99.0,360.0,0.0,1,0
LP002753,1,0,1,1,0,3652.0,0.0,95.0,360.0,1.0,1,1
LP002755,0,1,1,0,0,2239.0,2524.0,128.0,360.0,1.0,0,1
LP002757,1,1,0,0,0,3017.0,663.0,102.0,360.0,0.0,1,1
LP002767,0,1,0,1,0,2768.0,1950.0,155.0,360.0,1.0,2,1
LP002768,0,0,0,0,0,3358.0,0.0,80.0,36.0,1.0,1,0
LP002772,0,0,0,1,0,2526.0,1783.0,145.0,360.0,1.0,2,1
LP002776,1,0,0,1,0,5000.0,0.0,103.0,360.0,0.0,1,0
LP002777,0,1,0,1,0,2785.0,2016.0,110.0,360.0,1.0,2,1
LP002778,0,1,2,1,1,6633.0,0.0,146.41216216216216,360.0,0.0,2,0
LP002784,0,1,1,0,0,2492.0,2375.0,146.41216216216216,360.0,1.0,2,1
LP002785,0,1,1,1,0,3333.0,3250.0,158.0,360.0,1.0,0,1
LP002788,0,1,0,0,0,2454.0,2333.0,181.0,360.0,0.0,0,0
LP002789,0,1,0,1,0,3593.0,4266.0,132.0,180.0,0.0,2,0
LP002792,0,1,1,1,0,5468.0,1032.0,26.0,360.0,1.0,1,1
LP002794,1,0,0,1,0,2667.0,1625.0,84.0,360.0,0.0,0,1
LP002795,0,1,3,1,1,10139.0,0.0,260.0,360.0,1.0,1,1
LP002798,0,1,0,1,0,3887.0,2669.0,162.0,360.0,1.0,1,1
LP002804,1,1,0,1,0,4180.0,2306.0,182.0,360.0,1.0,1,1
LP002807,0,1,2,0,0,3675.0,242.0,108.0,360.0,1.0,1,1
LP002813,1,1,1,1,1,19484.0,0.0,600.0,360.0,1.0,1,1
LP002820,0,1,0,1,0,5923.0,2054.0,211.0,360.0,1.0,2,1
LP002821,0,0,0,0,1,5800.0,0.0,132.0,360.0,1.0,1,1
LP002832,0,1,2,1,0,8799.0,0.0,258.0,360.0,0.0,0,0
LP002833,0,1,0,0,0,4467.0,0.0,120.0,360.0,0.0,2,1
LP002836,0,0,0,1,0,3333.0,0.0,70.0,360.0,1.0,0,1
LP002837,0,1,3,1,0,3400.0,2500.0,123.0,360.0,0.0,2,0
LP002840,1,0,0,1,0,2378.0,0.0,9.0,360.0,1.0,0,0
LP002841,0,1,0,1,0,3166.0,2064.0,104.0,360.0,0.0,0,0
LP002842,0,1,1,1,0,3417.0,1750.0,186.0,360.0,1.0,0,1
LP002847,0,1,0,1,0,5116.0,1451.0,165.0,360.0,0.0,0,0
LP002855,0,1,2,1,0,16666.0,0.0,275.0,360.0,1.0,0,1
LP002862,0,1,2,0,0,6125.0,1625.0,187.0,480.0,1.0,1,0
LP002863,0,1,3,1,0,6406.0,0.0,150.0,360.0,1.0,1,0
LP002868,0,1,2,1,0,3159.0,461.0,108.0,84.0,1.0,0,1
LP002874,0,0,0,1,0,3229.0,2739.0,110.0,360.0,1.0,0,1
LP002877,0,1,1,1,0,1782.0,2232.0,107.0,360.0,1.0,2,1
LP002888,0,0,0,1,0,3182.0,2917.0,161.0,360.0,1.0,0,1
LP002892,0,1,2,1,0,6540.0,0.0,205.0,360.0,1.0,1,1
LP002893,0,0,0,1,0,1836.0,33837.0,90.0,360.0,1.0,0,0
LP002894,1,1,0,1,0,3166.0,0.0,36.0,360.0,1.0,1,1
LP002898,0,1,1,1,0,1880.0,0.0,61.0,360.0,0.0,2,0
LP002911,0,1,1,1,0,2787.0,1917.0,146.0,360.0,0.0,2,0
LP002912,0,1,1,1,0,4283.0,3000.0,172.0,84.0,1.0,2,0
LP002916,0,1,0,1,0,2297.0,1522.0,104.0,360.0,1.0,0,1
LP002917,1,0,0,0,0,2165.0,0.0,70.0,360.0,1.0,1,1
LP002926,0,1,2,1,1,2726.0,0.0,106.0,360.0,0.0,1,0
LP002928,0,1,0,1,0,3000.0,3416.0,56.0,180.0,1.0,1,1
LP002931,0,1,2,1,1,6000.0,0.0,205.0,240.0,1.0,1,0
LP002936,0,1,0,1,0,3859.0,3300.0,142.0,180.0,1.0,2,1
LP002938,0,1,0,1,1,16120.0,0.0,260.0,360.0,1.0,0,1
LP002940,0,0,0,0,0,3833.0,0.0,110.0,360.0,1.0,2,1
LP002941,0,1,2,0,1,6383.0,1000.0,187.0,360.0,1.0,2,0
LP002943,0,0,0,1,0,2987.0,0.0,88.0,360.0,0.0,1,0
LP002945,0,1,0,1,1,9963.0,0.0,180.0,360.0,1.0,2,1
LP002948,0,1,2,1,0,5780.0,0.0,192.0,360.0,1.0,0,1
LP002949,1,0,3,1,0,416.0,41667.0,350.0,180.0,0.0,0,0
LP002950,0,1,0,0,0,2894.0,2792.0,155.0,360.0,1.0,2,1
LP002953,0,1,3,1,0,5703.0,0.0,128.0,360.0,1.0,0,1
LP002958,0,0,0,1,0,3676.0,4301.0,172.0,360.0,1.0,2,1
LP002959,1,1,1,1,0,12000.0,0.0,496.0,360.0,1.0,1,1
LP002960,0,1,0,0,0,2400.0,3800.0,146.41216216216216,180.0,1.0,0,0
LP002961,0,1,1,1,0,3400.0,2500.0,173.0,360.0,1.0,1,1
LP002964,0,1,2,0,0,3987.0,1411.0,157.0,360.0,1.0,2,1
LP002974,0,1,0,1,0,3232.0,1950.0,108.0,360.0,1.0,2,1
LP002978,1,0,0,1,0,2900.0,0.0,71.0,360.0,1.0,2,1
LP002979,0,1,3,1,0,4106.0,0.0,40.0,180.0,1.0,2,1
LP002983,0,1,1,1,0,8072.0,240.0,253.0,360.0,1.0,0,1
LP002984,0,1,2,1,0,7583.0,0.0,187.0,360.0,1.0,0,1
LP002990,1,0,0,1,1,4583.0,0.0,133.0,360.0,0.0,1,0
